one1y0xcf40fg65n2ehm8fx5vda4thrkymhpg45ecj,0
one18lp2w7ghhuajdpzl8zqeddza97u92wtkfcwpjk,1
one1tqa46jj9ut8zu20jm3kqv3f5fwkeq964t496mx,2
one19y2r8ykaztka3z8ndea0a2afd5kgswyfeahsmf,3
one16jvl43d059a4wpderqu82wlm7t3qzw8yta3wgn,0
one1kyyt7j29h4uhtnuhfar5wmngntx4gterrkd8q9,1
one10ap00fxkdupc0tnh5gvaqapw3fcxyvw2d22tlx,2
one13tpdt3lppw4jum6h52uxt9g7qt54ue8dxhqmet,3
one1zdg2e5zsmnxqwz6826dnfuwm9a2uvgwhhd4ufw,0
one180mfv4dneefp9g74duxhspjvkmcjffstd0sj6q,1
one1nvu626slwt6hwq2cup846nepcl2apuhk38gl3j,2
one16y3pzva57c65wwfpwr7ve63q67aztedsphv069,3
one14uzsrvucmxx5wwkx46r9a6mpqgtjlrchelw5pp,0
one1pmcysk3kctszln8n89hzcrgmncnqcdxg6nl2gg,1
one12z5xslc3654gxs6eh3x5seanhv976dnhvuetsu,2
one13hrrej58t6kn3k24fwuhzudy7x9tayh8p73cq9,3
one1c4w9danpa5v9zqurnl07lkqdcwyn3yfm86anqu,0
one17nfgz8rtgpl3nlws5q9tdk9y3puyqf847az6ne,1
one16f3f9y4sqtrk3eq7gnagr4ac8p25rf08u0pxxp,2
one1s7s40ku4ms63066h34xwmm5j5k4jwk74gml5nx,3
one1gqdnwl6zmn9avnaksqv2555x388nr792v7gzjr,0
one1zgmd5s6fyv9rm2vuf3augqf3ucnp9a2j0h09u3,1
one10dw0xnkm6qvpmsmeszw5wn29et9jmek9sc6dmw,2
one1ldthk5zyrea6w60rptcfyzlftd8fsn9fhkeps7,3
one17nacqwrnwgq7pk8eehn7j6jphxt0draqpkztpf,0
one1sedghemtml7xad54fdvglvch29ajv85qe2td4l,1
one1mk6g87mtgcyy95xp0v87q0srggmusp950gpn3w,2
one16295hjtqyr0z22swaqthv7mvmvn2gltnj5gera,3
one1q563tnpv4tnh7l30p2wy3gnu3akhd6va97w7ku,0
one1y7fs65ul4zc33d2502ql6nxs7r7jj4grs5x3y9,1
one149aw0kne2qwyxkxhz9v0msgf00lndvvdjne4rq,2
one1grt0frrmy7a8239sg3tygh83nd5q74yymq2ljh,3
one1zzhwus03x3j3fgtust0v07k7rf583rrp84zdet,0
one1sp687xe0kk93ngp8kaxa2qd8yjm56wjmup8mf5,1
one1ksqcladc3r5s90v494h9tfwdhkx88tq6j549f6,2
one1a37yjkrxdzwkkl3ntkqsv305grcklpksxkwsrq,3
one1c0aau6shrtxqgenpf5ymtrspxpvw0sxj0c7hrq,0
one1w2m2al52exugww4c2nn0fl2gqx3lfvhsq3x4k3,1
one1zvaqqafg0nvmxtsvzkqalc3lz378qw5j6ysz5l,2
one1z39jl5tgz3e3ra6fkru4wdnyvakrx0323zyr8v,3
one1sgcpjc405ueglhp5udsskjxcn8crrc2lmuf35c,0
one1teymhzlyuxv73hw78gy7vlfuyv3e4stvsmer5l,1
one1dsgmswzkspx3at5gywltd97sj45lapaqmk0hzw,2
one17y8k8adagmzc6t54xrnl3jmtgvmdqh2wzexn3x,3
one108uwrdejhf3es7rn6h4cdjqnvnpv75pp7t5ne9,0
one1u33urreh2uquc562geg34q374l2clqammt6fpr,1
one12zelq8ax3k48tfzl5zz37ndknremq6um62dwxa,2
one1df4tldae3amrkyrf96tg9pqccjvkjetattl4w8,3
one1yeay879a7dln5ltnchytx8eennpz332qn7yjx3,0
one1tqwwn2rh58fjafysl9rgpxjgjz8wdjmqgdwlv3,1
one15n4k4d7cw5wyyf3pt3fnwuvcweuxmmq0knpnyh,2
one18ky073zdrrmme3fs7h63wyzguuj6a3uukuc3gk,3
one1a4nhuqsa7d2znx8yq7tsuyf86v6tuq597y925l,0
one12tthayx2u7g262afmcfca29ktnx9aajjd8uj5j,1
one1c6m2w8t0p3de3cjleu2t2duvspas6366jtf8da,2
one1y5686zfh8vnygxglrhztahh7hcn2tvk33vsgrt,3
one15u2v6f56pj3rzvwge4dwl3ylg5zh3395nzj57y,0
one1s3typcymaa5dgvfu68jw0hufl7vyu0hd3hscku,1
one1qcecvkv9w77rfz75t0s7x8xpgtw0nwve2vk2sv,2
one14tdlgysvnqcdgwnduttd0y5pp2y7m8cpss30j4,3
one12vyznqd6lz6wwr9gkvd6q5zy9sswx792dh2eyv,0
one1fdtcrkpkhm2ppnu05zmddgqvledqh7g6r2tgdy,1
one1s4rypls26kmzg03dxkklmpwhmv8u4nlh6vqkdv,2
one1uhqaf9jgeczmuxs7ydzfeevwnt63ftps752cnr,3
one1khuc8sclm8lr09e0r64kf3jjt684leggzp22h4,0
one1ee39d33k3ns8wpjae6kdm46620m0v2djhacas0,1
one1yqu97zy04zy0cu6mr2gddvs94d4j2zums7ttvt,2
one1lhyk86r4a2v7gd8yhq2m0k9l2pk64y3z75zx8r,3
one1xhwspfzgv3vh5fp9hxwngv8tvdj2qr338lmavw,0
one19verfm5jyu9ys6s4nrzm6a8888kzdlvmqpenh4,1
one19qy96szsrhuyjfrqgr4gzhaaw8cgct7ym83wy3,2
one17tka7fdf9s95c597e2petfrqtnylcksvnuelzz,3
one1juqumez0qr2jwacj7vvvf79t2pnmnr24nw3cec,0
one12lecjc8a3sk35hyc5dg7te2q2cakt24d6lj2p4,1
one1780wg58e86rs38we6ze2ts930s0qmmu40vmzya,2
one1r9hjnk6zmnkageyvvsypcw2p675x7qrurjeaan,3
one1mgwlvj9uq365vvndqh0nwrkqac7cgep2pcn6zl,0
one1xsf70cu7uuu5k6f0kpxp9at8r4dmg0sttzx40t,1
one1df49l0afjgltkaheussp8e7y708ac9zuyfpfle,2
one1kq0xzzzlrpkzslwfesrgmp5e7umuxl3m3dgk27,3
one16m5r7awa4y2z2cyage4cns4uejxx8rn0gw77ug,0
one1ha85rtgc4u96v4v9nwam5qhchswx8d579dw0sl,1
one10hzlc82dhc35nz75srutrhqkk7vvvyjnewclt7,2
one10z5d98vpm5pvzw32vpma3p70vcdk0ckq0znapk,3
one12saruhnv9f63dqhuadjq3vhqm3nwyw2ac40uyz,0
one1zfare9m39n3m4h5sj6rpfdkatzheww3zs8ctwg,1
one1cxc5j0ygyrkq4lsvln3amdu3ys239jqzk56ykc,2
one1mr3mt2ra8mwpr55uv3ymv0lmdy2s0w4m5nt0jh,3
one1gemlvpun4528ajv7pcn2d9fufzcv80kjt3dxwg,0
one1pnjl29uv2avuv5ts9nejwecc5em37yu92vllqn,1
one1nhu8np4ztt3f5xpxt4rznshhc7amm5p7fsf3xe,2
one1lg5nes6j2gy5tkhexhc0zs98uay9ddj05tdpq9,3
one1mzlm2tt9uhas0qnk86nwxqfuhvjnh5349pf23z,0
one1ymudu3v8f8uv3gvzr7p6n0z0wyvsqkls6mhef0,1
one1nek27yzpawmqyw5lpm5tshcruz3c08sum5eke3,2
one1trghegqlxyvkq8suavy6tmhfppcdg4rng3xlct,3
one17495f2cxc2f5ej2h3v76jhkxjhg84v2m4azf55,0
one1madlfrpp4t7z8mgk86smfqnvcssfvclzszscg0,1
one15pgqyp9lshxg5p0ssxsw7fjgy4mj83q95yzc9j,2
one1528xlrfresl7wl2nr37kp0tnlr7hr3w8u5y4dp,3
one1y97y0ayka2tyuwgk6dlthvzdt4ldma03w5r2ss,0
one139hlrkykl2vqu88kky94csvtgpz53uwwkcvd6p,1
one1fy07gk46uxspsfhpsqjdpgnn6fp3t7cgkn4whs,2
one19e8nt3wadlgpxwezp58rd3yewhgnu636t8039p,3
one1ffff4d9eaezg8xft30m6n62xfpllah03kvpzdt,0
one1vme5xkhn8mtff325jz0frcy8k5zru88zz75gn5,1
one1c2rtqwsqs65cput3q9yaejp3dxjwct207we9hm,2
one105ckpneqc50uwqzgyyse90jg9ua45v9ggv87rp,3
one17ffl9csu7ln3jw07fcvlmh2h8e5pv3ddk9p5sv,0
one1flv4r3udp08az7axdcz9me50kr2r4z65c8s39m,1
one19jsqssmtzagfda22s7neyr3e26vpp896e6z9fm,2
one1tl3alzt8a82n86uzeedrjn8tmxwh9mf3xmw04t,3
one1nlptlw8srthgljachm4w5rgv8ulvkt3cgk4uqq,0
one1dmh3frumlx4xrwymfdx5g7an8nrm4jjc0msgfm,1
one135mn6c90n0kd4247cramqxgeqqx5hvp506g3vd,2
one14ajehwyxpzpzxhke77mhtt0z6k5z6cevgf6rfa,3
one1hxqhp9tls9r4v5hz208g93exhvz5ak258ut7d2,0
one1wt5darzj8wd385xl8stccj4sv6553hgckaypfr,1
one1k80wv3uvfw5r0qhzp9yxn94u4jxu8my2xwuk87,2
one1kwqkyzq2pmhvufe9528g9nd966ur54v6auzruf,3
one1gjas4xurmc0rguafq63ql65rwuxayukm74w2mn,0
one1pkw7wnplp077fn6phv2kfejw3u7wvx0m9vppzc,1
one148efctcuths6gqz2r8w3prug20ns7lyu747pmh,2
one18xnzxwn5hwuuh229cuv7mr0hnjcvgru7qt2wdv,3
one1efat5elqnvttf7gm86q9kmt48z69njax464rhv,0
one1rmwxk8a0hm0m2p308p3czdsyazphu9h8fsytjm,1
one1kgehgr6z0aqc43g9uqla3xnenv29kvua90pmns,2
one18r7axamzxgn57s9xcsvhevv58ukxrhsrfug6vg,3
one1w3pvyg56gal0ajef487944gzjkg6sv68j26pey,0
one1r3mh2h7flr6sgcjvpaadlfjcnguwfk5z6mjuvu,1
one1u9g5g7qxx3rx802c4xfjre8vz7mwz87s0e8y4k,2
one12kdc0fqxne5f3394wrwadxq9yfaquyxgtaed3q,3
one1h2dynptqmtgdfg9fgpd8dvmv8scupkgtzapx4l,0
one1l4yrxjz8ugwjdcxrm5snwgmgk8few9v2q2xv8h,1
one1ga2euqq7yxaddm4p4yn5azhfpkpp2lz4jwrxjw,2
one173275rcmnj8q2yxcqpwc8383hqmzudmxltu3fg,3
one1jqr79m3dyzrar5ng5zwmvrycz08mrxtj508kyz,0
one145f84cp538hz37kl00kfkntxax5rtwz5pe6edm,1
one1cx5dtllm52wrur463t04szxqc6mpjdn0u8h4qt,2
one13k023waf63pep2pkltdqrjlgl02s2e0lctkfwp,3
one1p3u89p0p4nxaj5sdcx0s20g5u9a3xjccjmfwuu,0
one1ljvq9tkvfp583zzl85mgjh3qjvjufnuwmn7krv,1
one12c23ekslj469g0g0tu9jcvecfkla7rahmrhe37,2
one19l9equxmql4jkcah8g4f6qva732npajarffj6q,3
one18ehxprgnrnjug4yqcwq48ynnw3am237hlwmwxv,0
one1aydmy5m3ymurgac9yaea9nq7tg4fwu8dnetz02,1
one14kljysylyq0nypcxzndhfqxrkjk290l9kkhmnz,2
one18ahgl50uyq29cuacn76ucmsgxppgmjx80zs2cj,3
one1n392jsedk9pfx7rkw2gpdpjptsgfrkxla5ve6t,0
one16xzyq2zarperhxjzmk8dyp629v4vugdkzfx7r2,1
one1n9ecmpqfnf4aztcq245nqqmnjn7pxamwmmuvg3,2
one1lmqycl6wezcdf7nqxj34slstamt0hlhp4s0rj4,3
one1w7ly3zmxn2qe65hddqk9tepgt7nnypn52ua7fg,0
one1hqu9yzdzvz6s5lr8pgxpgr3eqp6jejfuqau5g0,1
one10kcthgw204tfljpr3umesfz9lmgw2pen6rgq7u,2
one10uyfuzaztcccz97w29v0k64rzmhj4k862kfh5q,3
one1s3dx73sa5dzrksmds5recptale8pxsa4d4hzt4,0
one1vfglvsfuk52025r5apqlfaqky37462tsdjeemf,1
one1h0f9sdm6za2m80n4xk7whuprpzvq7rmcelvukc,2
one1fzh923dkauvyye7w68nc38j2dw54gldu5mheaz,3
one1hdxnmfgkxtlmrym9ljjw2dpweke85pheu8g8zl,0
one1d0k2x6ue6yd0pvuumxgxjk3qqfjpn08mu7r253,1
one10j0tswg6x4udqafvsetjj3fl0g4e52spwp0wsh,2
one1hmmh8tfh8p7ad2szyn5wntfplt5mn79mlfemwn,3
one1fallaznqw6mv2wyzggpxvlk0xjeu8hry9u7v74,0
one10jkak35au0w9lmsqvjvpnx7t0qc6svklup48k3,1
one1zy628rt2d87nlad0dlvlzrnnqsv5cnt4uaa05m,2
one1zefrcfgjuaqxggql0syz28cq40cy6ujwq6zmpx,3
one1ngc83stdm7k7n4qlrzjzfk7xxput48gtvcj32q,0
one1m3jm7rxkxl3l4wdtlsz9hlqlqk7ytzp7ah7sxy,1
one12cycytj72gkrz6pt9sdhwx5l3cy8lydvp0xqkw,2
one1jhjt9fgk00f34v34pm7vmlfjqx2what2y7txge,3
one16ru662mq0yh6lup030g09kwwy7g8yfcxc5fcfp,0
one1hch48y73sra2g0fr8waaglgv2gmr3634s7dh7y,1
one1aha9g2d6scsyktjgx7wm9jwssxjp6lrtl8959z,2
one1x8fhymx4xsygy4dju9ea9vhs3vqg0u3ht0nz74,3
one1737c59mjlcrzswzw79w65xxjg7tm5pyn6jwsju,0
one1cz4vfaf2j99h759c69l74yk4wfk6mxzrkg49su,1
one1spnnh4excv6uvwzx8mj64w6n8wt2k6z9ndphsg,2
one18275j9m2q377cpgkwkea838cdva2p6a4837xlw,3
one1myf9fq6lt4f0lc5nfuuhe3kjlr3fn93xy26xer,0
one1c336y6s99zudg637tdlrnd4amlcd6c8s00pcrf,1
one1k57u35ycut268vdn054tf3h24pewc0e6yz9tej,2
one1933f2dpa5a7ezh2q6ul5nakd26tynn4l75pt6h,3
one1wrvlznh27fywscexnc2l9fxk5gjelcqdnw8pvw,0
one1v6e7uc4jwamdcjw43042jt5fw5ck5mxzt8c4wx,1
one1seaavwphcu5a3mm4p36fpl9r68f0hk24g289st,2
one1hyqkrvkad8kpttpglrl42rcthd6h0uqg2etgf4,3
one12xfkkmqm7cnv52tml8vpdawvax0kr8f4wrlp96,0
one1yuqws7le57naq90w2z42k3undccy8nh7wdmuhz,1
one19us7lt0ee7t2t2vy55ss7xnet6wx3myuny565q,2
one13fnskkve55zhqr3nwrmxp2f8yxyjxagpwhf7xh,3
one1fuhwmxdr4zulfm0lxndp7lgrstrmfpdam0w7x9,0
one19jk2rkkww7seu0prw58khw0whn73r2em47d8z9,1
one15vkywmeq9l0hx93zvgrdd58nyvd9yjd7l3myyx,2
one127p7l3xcsslutld9d3pmj44vkza6048dtev2vj,3
one1nvct6um8vz698pz7rjqe7m2gcqezqek3h7dc6c,0
one137x3qnxekuew5v74myypk4pjr3cuzldg639n4k,1
one1jd3v62xz8syc0c466vcrq9q5ylxt8pkzzptkxn,2
one13hd3zyl0jhupv6uv7lv9lcsa9ggp5l24kzdgqs,3
one1kua9tettjz0rpmp3977rhgrslw4gvm6mxw2ttl,0
one1fgsn4xrhtq4ljfd394gesj4aj6pkkf0lsytmnn,1
one1g6l7xj9w8z3uxjud8da69twzvyccqam6k5xymd,2
one1l476nnnhekrnnk5m78k8jr9uxvh6y4ql7xq9fq,3
one1a962kd80qmqu6wwd2ywjnh2f0e95zmrur2qmde,0
one1qfs3q0mwzmg3dsyzc6vf2telzx54t0t3zlc8a7,1
one19saqljg2w5n402p589y6xenjc6lan46a9l9tah,2
one1zr57fc7txdwvcwd6w2rn4yg6tdy0j0tjhvyj8f,3
one1p6gqsxydrjdflw9ynksvale8dtzdj5neskyw20,0
one1chd2m6tgk3ppx562wt6me7ke8uk2fe5uw4zsk5,1
one1f6duu3nl6xrjvux0wdecp4xxngn3s0w0hf8n4m,2
one1jgmygypu7098eeukg68v7hqcm49pgg36jmm76g,3
one1fl6y26c9f2hpj7q5sywfjph6z75ch74z0xx033,0
one14qfvtjw8ftfuv2hlajxtejvejhu9w8qxw74hwq,1
one1mfdr8jl85rv6cslc5kkrvh738pqfw74hgvdla7,2
one1rm0lcqq8tcnp3xl6z630mmf0q7md74s9kratp9,3
one194ff64hex7sagaedfsct7qtgqpf8f2zp3lql2f,0
one1w0leg0cqmy29duerq7u8qdjtzucl3p007tuqms,1
one1rn35jk07e4sy8nqet46wpkd5spsl3hdyed5na0,2
one1d2xqazxgcv05y9fgnmpz5u0vcqdp0zja9vq7dm,3
one1yqtjyle3f9xq3602cqp70zlrvp4swkt6ca3ach,0
one1fa4qz0t90jtey9v60hqyvknavty3upt9rt2cj6,1
one1jhqwxlduf0zscrsh3jcw9a7myswxld6acwgllu,2
one19yh7lug7x76xtyvhqqlz0yahh3fz7vhlj50s2j,3
one13rnn8uawlpqpcsh0hpm2k26xxusq639wkvl7r5,0
one1kcyh7s00kr3ncf4splpy8gygethp0h4a4hlrf7,1
one1tgcmx89hq37pqenjc22lmr0pvn42c9vw7j9ar4,2
one17v78jnvt8wwawtulx59a9zc3awjyuvujlm333q,3
one1s4604lg40q9tvzaaf3wp9rtr3txzl2796p6dgf,0
one1tuqpwd2jmhjkjpm55gux3cq622utskh9cljlxx,1
one1825ms7c9lycwadndgc60r5x54yg8tur75n32ue,2
one1v3m4hzwapym7sjr0q7xvry5jmxdr42vdnjdkhv,3
one1ssppn7nu98v6f9us8hzqmxe9x224x4e7g8yrn9,0
one1apnpuzvys4snw7c767mpx4mztau32uheeeg3rm,1
one1d9t6pah9kaws3w403z4z2hnlem4g5tced6se0z,2
one132sam2j2n3rwel44h552ke8q9ycfjszjfsfcpc,3
one10p09fugsgse0wl0vwglckw20243tzgx33g0stw,0
one1upl0papn6gknk9tcvxh3sm0y68jrv0zkvzmlaf,1
one1kdag5d3p2g2h4ypmy3u8emm2ddyjwhgs6jdnxh,2
one1hlxe68d7trza48k0n4y77antwaken3x99pgw75,3
one1f0yvhlqc5z7v5w5fnk7x7t38tuvjefnyyw258l,0
one1nc46dhk8p68rvh4asn08wyx06jdazee808uydt,1
one12s2rjhvm7exvv7v6xxtt9psve9fucayk3uyl6d,2
one1dwc9weha5xl0nmy4g4tw9g0j9lpaf2hal90skf,3
one1qqdx33jf4uzkda546cr6av58wgc5fhf2la77ee,0
one1xfm4e8xpppyujvk489t6kgdyfcpc7pq9uk9ep0,1
one138e7pyhgsv883tygcr64zfnrgenc68jgrt4e3n,2
one1slty4glg83yex23k8y954xlh9anw79xl0jjerw,3
one1dy45f05wtdyx8rn824j3fslc8sv0c50ksu8fwu,0
one1vzurzrkmzlvus7dwcguzdlt6pz6zgnuxdvsjaz,1
one12g4tzvgcg7lvqfrye9h5qvwz24psccsp3r2rew,2
one1u5ur5dtp64a4evq44y3095u2fcqsdgdp9yjk9h,3
one1ygq5gu7vtgfff65mcqvhsjxpadrygwc25k37zx,0
one1029yaac9572k79f4dq93838azru7qsg3hrzxdc,1
one125q55zhpwa7pq6nfea3ara6unhy9580q8up0ed,2
one1n8z466t0usl624um623s7deawygmkuhw7yamj9,3
one1rdv6v2hyjayvwh5ezrnncphghu4scpxvruwv96,0
one1y9p60vrlycpnz35nr9t04ejc0j6dtufjskn3v4,1
one1fudxzktt29z6xh05934dxtrr8nmf67htkxq5zp,2
one1cs0vrkk8whq6wl608yzylxklf2lke6fm3flytu,3
one10xp2vm3qq25f8j7wjs5hhkau8seme8yjy0ckpq,0
one12cvzqwpxsq866ku4vzc6xvanwhj54wa6pkx602,1
one1ge96pkg4vzhvr2cdew2vmksa47aqq5g9qgzvct,2
one1cqkrs6cttaqlww8kx2s88a6pajk6ua37u47gwt,3
one1uzcaptmh25ec0407fs8ra9f8kesxvaqpw6nfjs,0
one1e06d6ldcr846z866wtdzm4c5h0zrlazgacz30u,1
one1efyllkjzayyc72xna69qp64s6aw02ak9sfcxle,2
one1ypjapaa5mhtu32tc4ezg5d5xxl6mnl5qd9qff9,3
one1mkx7gu70c47c83uee5agnp9zx20h3eqz3rau2d,0
one1z37zj4dvmlcvuy3n3ajq57pzvn2fuxvzh2uzwc,1
one1n0q9vc37g9h6hjplkjjnll7uxz59mnceml67g4,2
one1qwveyw2mpgwrh9mprx7h50y660367zztl8k50c,3
one1fxtqcmentn0eqske6s70gnry6czdtr25wh3yda,0
one1m48ugw5grk9spkdmquegsyy6see278h2zalwrv,1
one1aq6znwr8urphg242fp8dwg57yk3js5ng8pc5l8,2
one15hnzhrdr96hkat0v4xcf2jhm2kwyle3qcfspz0,3
one19vqra78q5mwevchkf4ypcew6ask959tnallz3v,0
one1m0e0l70dafzh0qwxhcpd7hwkvcc5w54r7ngfjz,1
one1eunxsyxtke88xel47hpj54tqm3tw8rd46r5ht9,2
one1w8lcu9ltg8lhha4x9mtx8aq02nxkhgxgr6haf7,3
one1pa05jy8q8py5833k9jymh3jc2t5y905uaypl46,0
one17h54wwmru7cr53alqll6fy4xf422mkn625gq4l,1
one1aszeul2dgu6ucku6caz4qdavu24l6ulxkywpz2,2
one1kt4f8hkq3vv2gkhdnp0zzjyewm9gxp90dwh46t,3
one10u6srthdr8cpn4zvc5vage6xdkaep20ts5atzc,0
one1xrlz4kjut6rpq4ghvernnjgxwcrq27kwqresgc,1
one12xd8xprzmwk7wdu825vcuweu0crlp0666fxcnr,2
one1kqnxwp2sv8ncc4ftl0d8mle7sehuvdzj5g2eke,3
one1tg2t6dku6u8ewmtsc3ud57z9nkuu27z38kfusc,0
one14kf8n8u0p9nfxf0g0rdym9n3gey9furq00csef,1
one1cele0398awp9r4646kh9dta72wqjkwnntrkfxk,2
one1rmw3r0mp255am06au737l7luwstrnju4w6w08l,3
one1ux3gysrzuzcwpv6kz9g26q55fpnm46gs3uca3f,0
one1pe6qmn05zgshwp45srd9yf8j6fuqngaaa788a8,1
one1u33ecnyad786tra3cfsuyqahsdsz47jyap5985,2
one18ec2d0vz2dz7q9lvddfhdrld4mccdvn9fv9e6u,3
one1gnmnfqhumcpvnre23g5t43ne6he69l66ay8a6z,0
one1usn6y0z9g9a9w0lnvfu6j756pu2cdh5m8wzqhx,1
one10sfghmyd8n0vlu2na3muvlk4ck563cve4euhv5,2
one1d4uc733wu5ghhqvyrxn8rc8jvs40ay35tx07ev,3
one12n7a3xwsxwj7t2wy5hppmc7deepextjufuc4w9,0
one14z5ks7yj9tzpyt0p7na5dfpau5vj07sggxzyqm,1
one10pptg3m2k4c7ntgyqqpdmcamwg9e29naq4a4gd,2
one1hcru2lx6nagvf49hfc5skhhxummq863nlmvvu5,3
one13zzrvzrdxz2pf4y6ewkgjy7h2f602esjzjx4zv,0
one1trjr853dp9geug9s05rc7tz6zkcukyfdgc9ewc,1
one1r8ywmftsqgew4sfx9808dtww4r6j3a3v98c8vt,2
one1w2t3d2g435az4cnyqf7rkuzq2mu08mfuwlqhcz,3
one1hz4n5vn4e6ucvppxf6n8zayhml8wsqken60ksg,0
one1qcdduv4rravchv44lfp4c30u4gyq9fqly6pw28,1
one1zsp8n0fghqjjlhmqga8uaf05jy6v2wtp3g4exh,2
one1trecmah3u87sdwetkcwmfyhey2vwwsky69jnnz,3
one180ynkcryyy4wc4uchjmmztdhgwmt5tvql6vnnd,0
one1mlc7ph0hg7q2lwpg0g0jdnwznw9dcuv3486z4m,1
one1kzhs0vfhv6q52xh5pq6z25qnaeaztrkmh50zfa,2
one18ysrar3hzvgkduvuqtf9e0wrschtxlf4u2qu7e,3
one1u2p7afhq0kw4e9j4c9349na79tasewhfqucasl,0
one1qtah9p2et4mt7x49xygqfhs2d9hgjvmrek9ppg,1
one1zpsyshpqt63kxveescaa88d5rk5mwuqqzs8uru,2
one19c4uqfzezuws7e4ka4kvc5r09suks2ghpyg6xw,3
